feature,importance
GRE Score,0.006716705050327158
TOEFL Score,0.009778862407417325
University Rating,0.029512048157226994
SOP,0.020875323099740613
LOR,0.025155675890484265
Research,0.07521609922009605
