Metrics,Values
MSE,0.0016186169251546608
MAE,0.03331650402392843
R2,0.8119817101847768
